TransactionID,GameID
55,64
96,92
91,16
58,95
95,39
75,37
50,46
67,66
44,60
39,64
83,48
44,39
44,59
51,82
64,88
99,78
43,100
56,56
69,17
41,68
64,100
9,43
67,31
3,2
76,19
3,75
99,82
94,35
73,7
73,52
36,36
16,100
20,26
98,42
29,43
74,56
67,43
23,64
85,91
94,100
79,25
2,41
70,28
74,69
41,26
85,18
73,39
28,19
90,74
3,44
59,28
91,64
77,55
41,91
87,66
86,59
31,89
63,27
100,19
2,31
7,59
16,88
12,68
59,28
77,53
53,13
91,5
6,47
77,74
8,23
34,47
34,50
50,35
75,18
54,59
70,31
18,75
100,81
54,8
84,23
58,36
100,5
7,14
85,64
83,94
99,16
12,35
59,57
79,84
86,40
81,26
16,75
19,8
18,45
60,9
6,67
95,69
74,98
55,10
87,72
56,81
67,96
16,18
70,7
48,62
73,66
25,43
90,34
99,95
68,82
14,42
16,67
8,86
15,62
85,86
39,75
23,64
65,28
65,13
13,62
51,100
55,2
65,53
89,23
22,71
83,41
24,10
32,75
58,18
32,42
71,13
1,76
61,68
55,44
79,73
82,90
10,86
62,5
78,36
57,39
92,3
50,65
27,47
28,59
21,93
71,29
14,70
54,76
10,99
97,92
56,44
62,2
19,6
40,34
61,79
78,1
66,39
39,15
87,15
51,95
64,14
64,11
60,28
54,23
37,32
26,23
59,56
20,17
41,80
46,97
80,8
35,93
4,81
57,66
96,48
7,56
59,55
42,63
1,53
81,45
16,50
92,23
56,21
96,99
59,93
67,20
11,83
79,1
94,16
98,14
30,7
30,43
78,52
47,98
39,48
80,17
24,46
77,92
80,31
60,88
47,64
26,64
4,67
4,96
85,41
66,17
95,38
46,96
47,76
88,30
18,49
21,9
97,52
23,45
34,14
37,87
84,58
9,47
96,35
18,77
13,73
44,58
1,44
75,5
83,21
14,55
69,89
72,52
52,15
34,58
81,21
28,100
45,64
89,45
20,69
26,94
17,45
21,42
72,57
50,65
92,48
48,24
93,2
83,70
35,62
25,67
41,71
68,92
36,2
18,88
30,43
58,34
41,51
70,86
16,64
48,92
37,81
18,71
33,23
46,61
14,37
73,84
55,20
73,76
34,77
43,49
20,31
68,86
28,90
24,46
51,12
15,62
73,28
9,61
44,68
38,37
11,54
4,69
2,71
79,26
15,36
47,82
62,97
84,66
55,46
35,47
22,15
78,71
5,23
40,10
91,21
28,80
75,37
76,46
30,50
13,92
25,52
13,15
68,71
68,95
61,6
6,55
49,54
39,80
12,7
78,52
5,86
86,83
16,100
27,29
51,71
72,35
63,48
42,40
10,27
37,95
11,74
92,7
65,71
17,98
95,100
66,63
94,16
90,3
67,70
23,66
77,15
58,100
64,93
98,41
50,58
78,36
33,57
26,30
10,18
90,10
37,57
9,47
97,48
3,79
97,35
74,83
72,64
49,51
6,80
55,53
73,93
33,62
87,24
74,29
1,1
78,9
95,78
39,81
33,15
37,10
1,51
31,60
2,59
55,55
17,94
37,80
19,36
29,35
33,72
89,5
52,90
84,61
43,38
37,46
1,61
80,100
44,49
89,4
63,77
97,85
51,4
89,60
22,26
53,78
78,23
77,66
87,66
34,36
84,69
31,17
68,29
1,68
87,10
41,46
62,24
57,23
99,24
69,58
72,57
59,25
83,48
98,99
76,53
45,82
18,62
69,56
54,12
35,89
88,19
41,23
72,10
5,3
78,72
73,12
52,83
18,60
34,97
34,54
81,5
65,67
18,34
89,28
76,19
22,35
32,82
29,70
80,70
64,80
73,95
6,38
67,22
91,47
3,61
77,9
53,78
15,18
8,90
89,62
34,90
30,88
77,21
83,12
20,35
92,23
17,84
13,22
16,3
8,23
97,18
51,8
11,77
99,51
85,84
100,72
100,97
80,47
22,1
8,92
31,89
31,83
33,73
31,69
44,20
83,45
61,62
40,17
49,56
2,90
25,30
77,98
60,76
36,25
25,15
90,30
23,1
92,83
98,85
45,97
25,31
49,96
14,11
26,78
69,7
7,11
74,82
31,65
48,18
15,86
74,95
7,69
100,19
3,1
79,15
71,9
80,22
87,55
95,88
96,3
65,43
3,35
68,21
43,82
76,36
41,51
97,19
75,56
2,61
3,56
80,81
78,23
34,54
26,92
71,29
78,5
12,14
17,37
89,70
94,71
99,80
90,42
34,69
52,14
12,93
8,92
21,9
74,57
62,44
26,31
22,24
87,35
66,95
34,34
89,79
88,87
61,6
21,24
70,74
81,9
53,38
24,22
91,42
6,52
63,100
35,43
62,39
91,49
10,15
78,31
84,30
34,50
22,75
46,66
97,1
15,62
24,21
85,49
32,61
91,43
39,61
79,28
64,62
98,38
54,11
33,32
44,72
58,93
34,93
43,55
97,63
77,55
86,56
99,72
36,21
69,34
1,73
16,26
20,1
79,68
83,20
63,1
84,25
25,88
60,60
9,15
69,12
41,79
24,56
90,34
63,38
89,71
57,67
64,85
44,78
52,64
51,82
41,57
57,79
33,56
53,12
82,71
55,75
14,14
13,86
4,7
66,50
65,44
11,21
65,69
76,40
81,39
54,59
94,77
74,84
30,97
84,52
79,72
53,47
18,37
63,63
1,96
42,11
54,63
17,69
83,99
77,43
93,75
12,6
12,25
23,88
94,65
80,31
55,46
24,99
86,55
9,91
70,73
87,61
25,40
50,52
98,91
31,74
84,62
59,89
55,23
82,67
8,79
88,24
58,78
9,76
83,63
30,65
40,66
12,26
60,11
68,47
46,4
7,59
45,51
3,82
33,68
41,56
64,19
54,46
52,12
22,44
55,41
74,76
12,14
43,95
85,95
59,90
19,47
77,22
27,73
32,9
2,48
5,55
74,57
69,96
68,62
31,32
7,1
60,88
13,24
30,77
22,5
79,62
40,9
37,42
88,19
100,17
76,28
91,79
49,62
11,20
85,7
42,16
86,49
9,96
26,77
73,19
10,75
60,76
31,20
62,29
43,97
54,60
59,52
100,86
97,87
74,34
66,45
79,96
69,12
56,61
54,27
3,89
80,49
99,48
25,83
3,78
61,7
77,27
91,84
92,36
35,93
78,2
58,81
30,28
78,99
28,54
51,81
58,4
85,76
78,27
86,56
25,42
75,44
25,45
93,2
6,92
44,18
43,47
15,61
26,17
37,54
2,36
92,57
54,59
89,16
68,4
17,11
7,18
30,44
47,60
64,35
89,25
8,61
79,85
19,31
84,8
67,42
81,52
22,32
67,10
9,78
26,33
39,20
71,87
83,83
11,88
29,33
1,75
59,50
22,17
35,93
24,69
34,98
61,6
100,3
12,42
79,4
81,2
62,67
12,66
72,36
6,78
8,22
99,74
40,57
12,48
82,17
12,43
85,99
74,90
94,28
71,8
80,46
38,90
19,48
89,62
23,49
54,13
86,22
49,20
38,67
90,59
94,32
8,60
4,60
44,23
82,56
93,59
45,20
3,59
92,14
43,19
47,66
42,18
76,30
28,90
74,92
61,39
63,37
42,31
50,38
22,22
1,83
14,29
32,12
40,87
65,23
41,25
90,45
88,41
15,44
70,67
13,13
41,93
97,19
77,5
90,20
10,83
28,88
36,59
34,57
74,2
1,69
34,42
7,27
87,85
5,76
38,70
60,97
97,47
4,53
96,50
51,19
53,25
72,6
11,72
85,56
84,53
81,3
29,5
95,52
34,21
59,90
49,41
2,27
21,54
44,76
76,94
18,14
52,89
61,71
28,21
37,94
1,57
44,84
3,83
33,86
59,38
17,64
89,10
3,57
12,53
53,36
76,4
10,29
79,72
70,54
89,85
70,37
20,28
97,2
48,46
91,40
27,29
13,74
13,83
4,51
19,52
9,23
18,43
37,20
40,51
33,100
26,56
57,54
25,22
75,16
18,12
60,35
84,24
15,98
75,12
53,56
81,84
61,86
59,33
43,36
11,69
57,6
65,46
73,49
43,30
73,48
70,63
3,79
72,20
13,15
15,13
79,1
62,15
50,86
49,3
62,1
98,62
53,52
61,71
70,4
24,86
33,83
31,50
86,93
75,27
36,44
17,4
64,39
33,25
24,4
78,95
39,67
47,70
53,93
56,86
99,32
82,16
78,4
87,37
87,75
48,28
66,42
72,78
20,14
52,51
65,65
22,60
6,13
21,8
37,89
79,19
43,19
1,96
25,73
42,46
29,13
74,46
95,47
24,83
31,43
18,53
50,58
63,79
77,14
11,77
62,7
73,31
95,23
65,40
75,40
17,46
6,46
50,48
62,14
60,69
60,56
64,30
81,50
31,7
77,79
39,55
71,36
50,55
73,99
70,33
35,91
18,16
42,11
85,54
74,97
22,61
76,95
75,93
87,85
87,79
46,30
16,11
40,70
33,4
89,61
19,56
92,90
76,22
22,46
29,23
58,66
43,65
100,64
98,72
80,48
2,83
7,73
64,55
100,79
59,93
20,42
86,88
11,85
82,64
92,44
5,3
15,57
91,11
88,76
9,22
55,61
72,85
61,20
29,54
88,40
7,24
82,29
3,76
41,51
60,47
100,44
91,74
78,82
54,49
97,44
38,96
93,73
5,12
32,5
35,93
77,42
58,30
9,40
57,9
62,13
12,5
16,22
35,91
97,18
34,51
78,63
62,88
37,68
36,41
40,90
9,29
63,11
16,28
81,29
4,76
83,45
36,90
38,36
43,72
17,14
81,72
52,82
99,91
85,68
48,25
10,61
30,21
40,13
35,85
8,87
88,16
22,74
22,10
32,71
61,79
85,42
82,73
8,94
80,100
76,74
83,77
18,25
88,75
10,78
74,38
9,34
64,89
90,89
12,67
52,29
82,72
54,71
98,63
100,84
43,62
32,37
6,11
24,66
48,84
47,19
17,71
39,4
83,56
63,56
56,48
88,98
9,86
76,70
39,21
67,27
94,29
5,9
20,49
21,71
96,14
61,89
13,25
9,30
34,21
88,10
21,92
71,62
19,69
10,35
35,28
5,96
47,15
24,38
30,59
70,6
23,61
100,9
68,18
61,79
3,83
74,80
47,59
41,79
11,5
20,11
4,52
94,6
1,59
39,23
95,26
74,57
12,80
23,89
75,35
96,33
61,66
16,13
96,14
36,24
17,4
61,18
29,57
88,22
59,15
56,99
74,99
91,41
80,83
10,12
64,31
71,90
52,18
86,82
71,40
16,29
67,52
82,78
7,44
80,31
57,21
66,25
3,26
56,23
44,75
95,84
79,39
57,35
78,75
36,70
8,75
36,44
76,79
23,6
48,43
77,91
51,9
82,64
99,88
24,61
16,62
98,10
80,61
23,85
81,44
99,94
10,45
60,20
54,98
59,13
12,57
10,76
93,52
64,40
6,99
89,3
39,49
19,17
61,10
92,75
73,65
58,11
74,60
68,72
48,38
21,7
69,30
31,65
23,44
65,17
73,68
36,15
27,63
96,86
27,20
65,53
3,95
91,73
24,91
15,28
63,50
37,20
58,45
83,80
63,92
85,83
63,54
93,54
58,86
68,95
33,30
100,47
4,46
59,21
45,19
78,93
22,53
30,2
86,65
66,85
52,26
74,11
88,20
3,32
55,89
78,65
39,11
64,77
87,98
32,23
58,53
19,26
99,68
61,37
21,91
44,57
5,58
19,64
1,43
22,16
66,79
57,91
49,1
49,34
72,92
8,26
77,100
61,82
17,6
69,65
29,32
66,23
65,95
78,68
90,55
69,53
75,57
83,28
88,90
21,63
23,44
86,34
19,30
92,13
64,82
23,4
67,37
92,71
79,39
8,39
39,31
22,44
29,20
74,69
97,36
30,52
31,19
14,40
17,69
27,2
95,49
25,81
78,65
43,1
81,100
41,28
13,55
98,12
82,5
29,91
73,88
42,32
97,8
29,33
80,72
4,52
60,89
49,62
85,17
39,76
52,52
22,36
52,36
91,52
7,38
45,40
3,24
1,14
21,79
75,79
39,29
47,60
91,43
80,32
78,34
9,8
42,57
99,84
73,51
48,40
62,65
37,94
93,74
85,15
13,91
39,94
23,63
1,98
6,35
3,69
21,89
23,28
57,83
64,33
83,81
96,81
53,79
44,96
78,61
8,38
50,21
81,7
40,26
90,65
64,39
36,25
6,41
43,48
33,2
25,49
40,71
92,76
5,84
97,8
71,78
92,88
68,64
3,21
58,19
22,85
38,45
51,98
65,59
79,73
47,65
96,94
41,17
50,41
32,83
6,37
57,68
44,33
6,37
82,24
56,52
79,75
51,45
65,41
51,68
72,5
52,68
81,9
56,72
10,45
61,46
39,5
95,13
20,37
17,72
98,52
39,81
16,59
21,15
68,13
41,68
80,49
51,52
71,91
24,33
77,69
32,48
87,68
52,87
28,64
57,35
72,30
92,56
16,73
84,75
85,94
77,43
22,65
7,100
81,65
33,71
47,25
64,16
87,15
72,47
76,6
56,38
78,18
95,99
35,89
31,1
91,56
11,15
14,59
59,61
59,85
36,44
35,18
38,98
93,54
99,4
97,1
70,18
48,93
15,66
42,50
39,77
82,50
29,80
65,1
10,77
95,86
20,44
16,20
76,84
22,72
92,25
98,96
77,36
38,26
17,3
65,64
26,64
3,16
44,41
44,76
48,35
77,75
6,7
43,83
28,91
47,77
28,60
44,75
58,2
43,87
82,18
21,92
43,47
4,6
90,15
4,12
41,25
43,53
36,92
26,56
21,41
4,36
89,33
13,23
29,80
21,19
26,34
63,45
87,4
68,76
60,69
33,97
63,2
54,99
14,25
70,13
43,94
41,85
77,100
34,33
72,2
40,82
46,81
40,98
42,72
68,12
20,94
99,59
89,33
30,18
30,28
39,21
80,87
50,13
20,82
81,30
79,14
54,81
73,56
61,84
6,76
69,36
77,59
24,90
12,30
10,75
80,56
47,46
59,36
96,44
41,46
45,51
7,98
51,84
35,85
5,87
3,86
57,50
62,70
74,28
26,21
3,65
30,32
5,66
27,49
81,35
33,9
43,10
100,78
14,75
29,32
7,100
22,28
12,57
93,61
11,13
91,69
90,31
40,4
92,80
27,59
52,58
46,80
60,63
33,59
46,1
52,63
30,99
7,98
35,40
41,86
77,98
22,85
100,48
55,61
67,99
12,8
4,26
15,62
92,21
4,98
99,55
2,25
72,55
72,11
69,21
27,27
1,36
96,90
5,19
99,29
70,29
56,27
72,97
67,92
54,35
76,62
13,16
61,24
64,41
75,35
48,40
56,7
1,48
97,38
97,47
50,43
25,10
57,20
96,11
47,93
49,33
13,40
96,100
66,25
57,83
51,87
61,44
69,39
61,58
8,10
91,47
39,14
62,4
76,31
67,26
59,64
54,65
28,6
10,81
81,13
90,27
81,79
7,15
20,66
33,36
29,49
31,13
41,59
77,25
50,13
16,87
37,13
26,33
95,99
35,56
39,51
20,69
24,22
88,74
15,100
5,61
86,73
95,72
33,11
7,11
9,37
92,64
4,11
24,15
66,30
3,66
20,34
52,62
26,47
14,51
39,64
93,50
78,57
67,61
55,54
98,91
7,7
11,5
55,83
3,56
85,91
96,51
42,23
96,46
47,13
98,40
43,92
54,31
9,92
69,58
62,81
98,17
3,54
39,83
45,13
77,58
69,45
11,86
76,89
81,55
71,83
58,19
47,79
73,55
85,79
3,41
94,76
29,63
73,91
39,2
55,3
62,64
89,16
65,88
27,64
41,30
52,69
34,70
25,15
81,98
70,13
76,63
50,30
33,78
5,94
76,13
58,33
40,80
55,65
89,83
100,85
14,94
66,41
41,84
3,80
97,22
79,83
96,30
12,99
49,24
97,55
19,26
66,24
60,71
77,77
79,50
87,89
41,6
14,88
24,97
74,79
17,68
10,57
83,68
88,71
55,65
17,56
82,32
74,15
68,89
41,73
37,24
75,21
84,38
78,69
18,75
4,2
1,63
56,68
50,98
60,29
19,88
35,15
87,5
73,30
6,99
98,26
38,61
22,84
64,44
89,81
95,5
84,84
88,10
15,21
79,30
3,100
27,12
73,75
85,50
28,1
69,92
33,95
66,71
38,84
98,96
58,88
38,32
49,83
83,90
2,81
28,1
9,51
98,64
28,44
46,99
92,83
41,39
23,65
41,41
94,37
91,23
21,2
92,54
68,3
87,74
47,14
23,28
39,57
40,100
16,9
80,5
19,23
92,45
53,60
61,63
87,16
26,74
59,14
13,81
62,22
17,40
57,96
92,85
90,19
62,49
26,66
16,86
42,22
7,3
75,44
1,26
44,31
20,55
5,3
59,15
96,87
74,98
68,18
85,90
82,68
86,82
76,57
2,10
83,60
24,15
7,49
46,64
97,93
76,67
32,91
16,57
76,10
13,40
12,7
87,40
59,62
95,3
26,100
47,26
12,43
25,49
24,75
70,77
21,83
63,6
68,17
26,4
7,95
38,28
82,71
25,17
99,43
61,87
13,12
23,11
89,30
99,63
55,49
1,38
88,8
48,92
80,56
27,2
58,43
61,26
79,54
92,86
47,8
45,82
98,90
18,79
48,55
66,31
76,86
39,27
59,70
30,52
35,53
28,12
38,86
11,62
31,77
92,2
87,3
77,7
94,93
38,30
45,40
12,37
36,4
38,13
2,31
88,86
86,83
86,29
32,33
53,46
87,10
23,46
58,8
68,91
84,68
4,25
100,71
7,11
61,40
93,14
3,86
63,24
56,9
22,65
24,29
92,9
78,27
28,91
40,82
95,100
98,55
38,39
75,64
77,20
9,80
50,71
8,41
15,56
91,26
33,56
54,88
57,66
86,26
11,58
6,9
41,52
89,40
64,80
64,50
7,13
3,35
48,94
50,88
92,40
6,41
70,100
84,14
51,32
56,88
15,23
91,20
27,24
97,82
28,66
47,50
47,67
80,83
63,50
40,11
81,76
29,5
94,53
9,99
69,93
25,97
51,53
61,67
59,1
78,54
37,51
33,82
53,78
43,15
94,45
16,13
65,76
96,55
33,69
28,86
62,55
57,45
27,47
29,78
3,42
92,56
85,60
98,67
37,45
27,95
75,36
44,43
86,44
6,88
21,63
51,96
26,41
28,76
28,87
82,83
39,44
72,25
40,63
5,9
5,95
25,75
50,11
26,64
66,44
89,2
49,85
17,46
1,40
73,84
2,89
51,21
39,1
37,31
92,24
72,6
99,57
38,20
1,96
62,73
44,76
94,76
97,82
5,48
15,34
3,80
15,35
27,70
15,9
86,96
100,8
38,63
70,97
49,21
55,54
37,67
42,60
50,100
60,40
13,71
16,95
91,1
58,55
34,32
43,2
74,99
29,95
42,10
75,46
74,54
57,68
16,6
45,25
49,45
78,82
90,72
81,48
52,53
94,32
53,81
45,13
46,64
61,84
83,62
80,26
23,73
63,5
10,71
37,77
7,79
73,41
89,23
50,48
48,97
98,68
52,99
1,36
35,79
35,35
4,54
88,65
66,9
35,13
97,88
14,61
16,3
98,2
55,43
47,14
85,69
44,4
26,79
19,8
1,39
87,44
16,55
23,22
54,38
1,11
40,37
44,19
57,67
51,7
23,20
62,52
98,60
46,15
12,50
96,79
82,82
41,62
25,47
14,32
20,54
67,14
34,29
49,93
90,31
68,21
68,95
64,58
77,95
59,42
60,36
29,19
20,65
47,9
1,58
6,47
48,40
33,11
37,66
33,8
56,96
40,57
16,56
45,76
82,3
79,6
53,74
41,45
98,75
59,74
93,55
73,87
76,89
62,3
34,12
59,48
53,97
84,39
81,80
36,74
48,24
91,50
35,3
5,9
35,17
72,74
14,61
76,45
75,32
65,37
54,3
59,85
82,48
1,61
67,14
44,62
4,6
96,74
45,99
59,26
97,96
12,31
2,53
9,94
98,80
46,29
28,27
84,43
24,95
63,49
46,97
55,38
11,43
97,74
84,24
39,37
16,92
30,33
66,26
66,47
43,44
52,76
55,75
32,4
94,54
20,45
1,50
61,45
33,28
76,100
67,36
84,45
34,98
59,33
14,61
3,52
65,31
17,76
4,6
33,83
21,85
43,4
72,33
49,79
27,36
29,33
46,88
75,87
90,44
30,25
49,45
99,35
75,92
33,28
89,68
77,34
10,17
27,25
85,94
79,83
23,85
27,60
33,29
59,34
38,65
52,79
77,80
41,45
29,16
38,87
75,1
80,30
84,51
69,19
97,95
87,85
4,37
23,10
60,38
75,25
95,31
92,54
13,77
5,63
48,22
5,3
37,69
30,36
29,90
49,62
77,88
91,41
23,40
75,68
18,94
57,22
33,50
88,70
47,55
48,1
24,42
87,7
16,89
21,53
35,2
2,78
87,85
49,20
14,57
18,71
19,6
30,88
72,56
35,8
55,64
38,46
45,54
96,66
63,49
44,68
64,59
32,59
16,83
55,29
52,31
17,96
9,31
9,14
72,22
56,42
49,34
63,24
92,24
63,40
39,27
69,38
84,11
23,82
65,19
26,24
69,64
74,99
84,91
100,88
15,51
9,7
87,9
46,41
15,46
13,100
13,21
37,5
73,18
16,75
27,73
28,20
4,21
64,23
84,82
58,19
67,93
75,62
45,3
91,49
15,65
37,37
12,62
57,56
19,37
55,76
30,38
62,84
23,34
82,28
52,72
83,89
59,96
57,5
55,72
95,54
58,12
89,68
70,72
59,20
93,4
70,13
85,38
17,2
8,58
14,38
16,14
81,15
95,77
88,83
85,72
31,7
73,28
80,93
37,12
18,36
76,6
88,10
31,38
24,15
19,81
69,54
71,79
28,39
82,8
29,75
14,23
78,87
17,54
67,45
47,43
1,22
2,24
6,90
44,42
75,26
87,82
39,66
91,47
48,30
86,69
13,46
47,100
62,33
55,45
28,9
84,81
41,55
35,38
65,76
56,88
50,92
47,6
2,86
42,1
46,68
83,20
95,75
47,24
14,100
58,47
34,75
42,55
53,42
44,18
48,24
36,72
94,98
97,94
50,85
96,93
9,52
70,18
84,64
41,71
8,97
31,92
85,35
31,96
33,85
19,13
82,4
41,82
90,1
77,16
63,91
8,62
54,39
71,9
67,9
78,13
58,75
10,75
38,32
42,19
80,22
60,71
78,39
23,40
33,16
32,35
52,53
27,51
88,60
78,26
95,46
33,22
9,30
31,39
45,93
31,79
58,20
95,20
33,13
2,16
5,79
40,41
30,19
71,92
16,13
45,88
52,49
20,8
63,51
53,33
90,80
48,55
87,37
9,71
84,91
76,27
35,94
59,58
27,83
23,78
48,74
58,46
33,99
85,54
82,72
60,95
70,53
83,98
46,55
3,72
32,54
18,52
70,31
72,3
65,28
100,30
81,81
32,37
66,20
30,13
46,59
44,7
71,29
52,7
46,77
23,72
44,18
65,16
32,57
36,93
59,11
85,15
19,78
98,70
56,60
2,91
62,26
70,64
21,65
86,37
15,91
11,85
95,81
90,75
25,41
81,53
69,37
68,55
47,72
51,41
72,65
46,65
39,43
14,31
34,15
73,26
86,13
33,54
69,19
30,60
76,82
16,17
86,24
89,98
60,2
3,59
30,49
46,3
31,7
34,38
48,3
11,69
30,3
61,61
47,39
18,50
16,78
53,93
96,10
18,97
29,26
63,61
61,3
43,80
15,63
96,55
13,91
10,35
100,3
28,46
44,30
47,18
40,100
36,11
32,10
27,48
52,25
29,23
16,51
94,80
84,63
16,84
45,53
11,45
94,14
18,35
52,38
64,38
72,99
87,36
24,15
35,9
4,73
96,35
32,72
60,37
66,11
78,30
60,69
81,35
96,33
84,12
3,61
14,46
94,22
25,65
67,81
69,67
64,7
8,17
8,80
37,88
76,37
11,55
65,46
97,17
49,39
49,71
8,69
60,8
97,58
43,29
100,82
42,97
98,87
78,61
24,30
22,90
50,56
65,36
34,92
46,67
15,49
90,6
9,29
1,24
85,8
49,25
91,64
66,7
47,33
81,64
80,68
82,21
63,5
72,11
93,4
62,42
45,56
43,73
4,4
74,68
55,74
32,7
93,76
13,32
31,7
57,77
9,73
24,48
9,1
88,71
68,68
46,22
87,39
6,55
52,90
70,23
74,75
16,100
82,51
23,48
76,54
100,73
82,83
14,2
71,68
93,90
29,39
61,83
63,98
36,44
95,70
10,66
18,20
36,2
18,74
78,86
12,73
64,81
31,1
36,65
64,88
41,53
45,41
30,51
17,56
83,3
71,40
40,50
61,6
23,89
100,100
20,94
50,98
100,81
77,86
26,13
16,83
81,45
45,47
43,39
65,100
33,16
72,64
82,42
58,20
16,6
74,5
61,41
64,68
59,18
70,15
33,90
50,36
57,70
20,5
32,18
10,11
22,17
30,30
5,83
89,67
64,65
6,49
29,12
32,5
82,93
45,15
23,91
84,17
24,27
25,60
11,70
57,24
55,66
74,89
48,80
88,29
92,68
25,17
62,51
42,62
70,61
73,4
56,7
62,22
82,98
11,17
92,92
77,89
92,12
50,64
51,100
33,83
71,41
86,63
52,93
100,19
57,27
35,19
31,89
18,67
99,6
19,55
2,24
92,86
13,62
84,74
89,37
41,69
38,42
60,15
40,87
89,61
20,37
27,86
94,81
58,59
26,83
17,19
28,69
43,35
88,32
67,11
87,86
83,93
68,81
91,32
61,17
20,8
87,83
36,21
4,20
64,61
68,20
70,77
15,10
38,18
89,38
10,37
22,29
43,100
61,65
80,47
62,54
80,57
79,36
82,92
51,91
21,76
7,20
33,30
73,1
76,66
95,43
91,32
14,47
100,76
41,83
43,100
65,63
37,36
99,8
2,30
29,29
5,78
65,43
62,82
58,51
78,57
95,68
67,88
68,40
33,61
89,13
35,58
96,14
47,77
95,35
56,26
90,7
66,93
42,76
26,65
7,17
5,20
62,40
25,34
55,95
54,49
19,70
27,1
72,89
12,25
54,52
59,36
69,70
23,44
80,81
41,98
34,45
84,20
15,23
89,25
98,22
54,26
47,98
46,95
83,50
98,60
70,61
38,99
45,65
59,27
89,16
63,18
30,1
12,86
22,91
37,42
45,2
56,76
3,55
54,40
36,89
36,57
17,54
51,56
4,66
15,74
9,35
38,31
3,40
1,86
99,95
34,12
71,67
41,89
4,41
48,72
97,53
79,50
46,10
70,35
76,48
57,90
38,49
1,92
49,27
45,34
85,67
35,90
100,2
18,96
47,4
91,74
19,77
79,57
46,41
60,20
91,89
31,58
36,89
62,31
21,54
86,27
21,63
53,61
26,39
87,86
89,91
74,75
82,82
49,2
67,81
96,20
59,82
22,90
29,41
29,29
94,90
82,26
23,80
25,66
36,20
69,94
55,78
70,10
63,77
78,84
77,8
13,90
89,33
45,52
92,49
4,47
78,61
62,12
26,29
37,47
72,45
92,13
30,1
2,22
81,41
57,13
70,24
83,30
72,66
38,87
92,12
5,33
78,24
37,58
94,16
62,86
79,68
48,35
74,11
92,56
25,52
99,50
87,39
67,57
27,44
20,74
46,32
16,26
39,82
10,56
40,59
82,32
43,15
66,7
75,94
42,34
54,88
34,93
65,65
95,14
57,94
58,36
10,78
89,90
15,59
80,63
92,44
50,49
22,93
11,12
24,37
42,7
98,52
31,21
56,19
85,30
48,60
42,82
47,37
32,23
95,16
30,86
8,64
91,60
56,66
92,61
28,40
73,29
38,35
92,82
96,67
72,26
25,85
30,98
80,38
95,86
19,31
27,54
6,2
87,89
82,52
59,71
12,87
83,67
78,14
85,3
95,14
33,19
64,33
26,77
35,22
66,16
88,87
21,19
41,70
63,93
52,66
67,45
13,37
94,49
3,36
10,14
78,71
3,17
51,9
79,74
59,25
64,53
60,84
77,62
11,14
100,35
4,90
62,88
65,95
50,86
25,7
83,92
10,3
8,77
56,96
100,96
14,65
29,69
95,5
37,59
29,33
23,89
90,50
81,48
59,64
34,80
19,78
57,18
85,82
90,97
21,90
93,44
22,17
67,57
70,74
79,96
85,35
92,56
77,95
15,34
29,14
83,53
16,37
58,81
44,91
36,94
69,44
54,60
82,100
46,16
60,9
7,24
50,20
87,21
37,67
13,70
67,65
12,19
17,65
46,20
91,29
9,99
92,36
25,40
49,89
95,99
16,34
39,17
66,40
74,63
98,55
52,29
89,79
42,12
88,35
37,7
34,68
77,15
38,25
74,76
50,46
52,84
44,59
15,42
67,5
67,56
28,39
95,22
17,44
94,51
3,50
43,29
36,60
99,31
13,17
42,48
57,81
42,64
11,2
27,31
86,99
51,39
52,8
2,89
97,6
91,93
58,1
72,14
41,16
69,51
24,44
19,33
100,48
16,91
38,36
62,37
12,39
27,29
3,94
6,16
19,68
79,21
24,10
18,51
23,55
37,50
63,50
96,38
63,40
71,29
23,73
7,51
16,20
95,13
70,45
6,3
61,5
46,40
10,96
31,99
49,66
88,16
13,68
91,39
48,17
43,54
12,81
18,95
100,22
81,82
87,16
86,78
44,8
100,45
58,13
50,40
34,89
66,56
76,19
54,78
26,93
68,93
7,26
17,82
69,18
20,91
6,99
94,80
3,14
78,14
90,77
60,38
20,40
53,30
51,91
67,17
4,63
46,35
43,53
50,12
66,16
86,16
87,70
11,45
58,25
75,21
32,73
3,52
27,70
45,96
24,49
79,65
70,65
49,18
49,82
91,54
38,49
40,3
1,43
57,9
88,20
62,82
99,42
93,83
41,68
89,65
93,69
6,35
79,49
9,98
70,63
31,48
78,70
86,30
70,32
3,92
56,43
76,52
88,94
25,61
16,65
52,19
41,5
5,85
83,88
20,38
74,36
87,90
2,18
17,77
26,86
28,9
73,10
69,58
93,80
78,44
57,92
30,90
78,81
30,6
31,52
41,30
45,100
4,38
78,96
36,6
51,98
96,9
30,84
3,24
55,3
24,90
56,20
73,76
77,91
74,71
67,17
63,7
99,91
44,28
83,89
36,51
76,32
43,36
64,7
11,90
26,97
39,68
65,44
50,99
21,80
51,24
20,93
69,61
57,77
83,53
15,86
54,94
42,28
98,7
69,76
83,63
9,71
92,10
81,1
27,55
61,56
21,16
2,92
73,36
83,93
26,92
40,55
15,70
89,26
65,8
80,31
75,19
84,71
56,39
29,65
91,46
38,37
63,22
100,39
85,74
35,78
7,74
58,70
6,62
61,87
74,50
77,16
26,52
98,66
57,90
73,49
26,69
95,35
19,23
76,87
19,1
7,37
31,42
73,50
80,81
100,72
64,82
51,80
88,76
12,49
73,17
84,27
65,54
22,4
79,64
20,72
3,75
53,15
28,42
100,32
74,75
6,44
36,3
8,55
95,98
100,4
79,10
3,84
75,71
30,66
48,61
87,56
16,29
64,6
47,23
40,7
72,55
71,91
83,1
79,22
88,32
70,48
63,52
86,38
41,72
59,15
71,76
90,59
71,95
71,87
51,18
89,28
88,35
100,72
47,40
8,38
83,2
94,74
58,16
90,77
60,23
9,80
43,41
59,90
11,27
83,6
32,37
73,62
57,1
17,87
93,13
89,92
4,67
58,66
10,95
70,83
38,28
98,9
56,64
90,90
52,30
95,84
82,17
14,91
74,69
65,80
17,2
16,35
94,34
55,57
13,81
12,65
56,4
4,21
54,59
98,94
3,7
62,93
96,49
81,5
8,99
21,41
12,93
46,58
61,61
89,59
44,91
78,42
90,19
27,83
19,10
80,94
54,17
11,69
7,97
11,37
12,83
93,85
12,89
26,40
85,63
95,77
25,35
49,93
3,66
24,71
8,99
37,5
4,40
79,63
88,94
60,30
67,7
68,54
51,16
72,65
56,34
33,69
38,72
8,58
92,25
1,19
97,22
41,62
20,43
72,59
76,93
80,38
41,44
18,17
79,90
89,5
96,69
61,43
55,32
34,73
86,70
97,73
34,9
96,88
79,68
35,86
80,88
28,19
38,87
82,90
48,67
29,40
58,10
43,47
29,100
72,52
8,77
83,81
34,49
4,86
91,88
100,2
91,49
59,13
86,75
6,49
93,37
43,4
91,41
46,100
40,94
39,96
81,26
45,26
30,31
26,46
73,96
88,6
46,14
93,13
68,37
82,28
17,81
25,76
8,74
60,40
29,51
36,99
47,49
9,10
100,80
38,27
63,49
37,35
74,60
48,68
40,39
62,84
44,88
78,21
7,42
66,90
19,8
40,37
64,46
4,74
51,62
24,11
95,30
73,14
7,58
44,12
83,24
79,36
58,50
63,76
56,42
81,93
9,99
74,38
99,97
36,2
31,35
42,83
37,39
64,90
12,32
60,48
93,11
66,27
40,53
73,66
39,18
81,14
3,60
68,64
23,27
36,65
14,34
80,33
57,49
13,65
90,73
91,48
76,90
3,17
59,5
92,39
25,90
63,33
64,68
90,99
99,92
96,37
20,62
35,22
66,14
33,21
48,41
48,100
16,28
17,64
41,2
10,77
59,30
28,3
99,20
31,61
1,40
48,20
56,59
51,98
55,40
46,58
4,38
93,49
57,73
43,36
38,18
79,14
36,8
63,82
54,12
40,39
7,68
29,80
90,58
15,15
71,27
26,50
94,51
4,23
35,53
21,16
27,36
35,27
6,39
31,32
42,79
50,31
21,22
61,20
79,20
48,29
54,51
35,82
43,80
99,51
71,5
80,45
31,71
89,79
43,83
80,13
59,53
58,52
85,86
81,48
6,58
5,30
71,60
50,37
25,35
15,38
31,83
50,45
42,59
93,6
35,2
49,13
76,17
59,61
22,31
68,50
77,60
10,97
60,43
68,47
24,11
77,66
95,72
41,20
96,2
62,26
1,30
38,54
32,49
1,96
23,4
97,51
50,14
31,23
36,33
42,22
41,94
51,19
84,45
32,77
68,74
77,8
10,52
35,95
26,44
61,7
81,37
42,54
34,21
83,69
28,98
16,29
53,48
54,29
15,100
86,55
75,23
95,9
25,34
51,91
22,49
60,89
2,76
28,73
55,71
71,30
20,67
57,4
4,79
66,38
41,12
69,63
24,42
20,67
61,30
21,29
51,45
5,3
49,5
95,14
45,71
35,90
5,92
99,44
74,39
48,49
39,10
76,49
81,32
58,9
55,67
41,17
73,86
52,75
80,30
54,64
8,8
29,59
29,1
50,25
55,1
13,82
80,44
54,86
18,37
90,25
69,63
27,68
93,91
61,52
88,90
72,73
97,12
89,28
64,8
61,36
97,19
90,24
64,72
93,51
46,38
3,67
72,67
46,97
44,74
87,52
70,48
87,16
27,90
99,86
62,49
71,37
16,85
94,89
64,96
61,14
71,84
13,40
16,26
38,17
20,50
7,10
63,18
6,51
74,33
64,20
56,62
17,33
17,37
32,1
87,40
30,8
44,86
26,25
94,92
42,95
45,67
1,83
18,2
45,98
85,83
12,56
42,64
45,75
59,78
99,46
7,13
12,84
70,60
42,5
2,86
10,43
2,68
10,16
29,33
45,32
17,16
32,7
26,11
71,97
88,53
43,84
57,19
39,26
13,33
55,84
33,84
83,45
44,36
40,71
19,71
33,30
65,24
89,32
13,64
78,13
100,52
21,40
33,20
37,78
58,56
15,56
100,70
85,97
47,47
40,25
53,71
98,5
59,77
27,35
30,70
14,91
60,91
43,48
46,46
54,46
69,38
50,65
70,87
59,14
10,72
45,46
35,75
13,62
31,84
91,3
96,92
63,18
50,64
57,6
64,19
82,80
66,50
57,56
40,46
30,41
4,30
47,91
76,31
24,37
66,45
32,64
68,97
3,57
72,99
3,65
3,63
36,77
38,61
86,80
76,84
36,19
6,47
71,56
59,24
40,12
97,66
49,93
37,17
76,51
90,91
40,28
61,56
87,4
1,52
31,6
88,28
14,4
73,65
94,74
55,24
96,51
30,31
54,49
94,30
52,67
90,20
99,84
79,10
50,49
8,79
41,17
52,54
24,43
43,85
65,85
35,45
14,47
82,37
2,12
17,51
69,99
36,10
63,60
97,93
24,12
97,43
14,41
46,93
46,75
60,5
2,68
1,79
66,14
33,58
18,57
30,95
7,18
72,20
82,1
24,71
58,80
81,63
45,51
90,20
18,20
31,82
41,78
56,50
69,52
92,1
16,12
14,38
98,15
51,65
60,35
66,10
81,77
13,54
58,44
71,30
70,47
61,5
92,50
72,73
90,69
31,8
76,8
24,39
14,35
42,78
7,68
85,44
22,27
81,30
99,84
27,29
40,93
37,98
96,49
54,76
55,91
15,53
66,69
37,22
13,44
98,40
55,46
80,88
32,50
76,6
73,86
51,82
78,10
77,74
84,15
77,60
63,87
90,4
92,38
86,24
84,60
70,54
79,29
19,27
80,54
3,65
27,21
64,14
26,24
84,25
3,56
62,16
89,99
35,66
91,65
42,74
69,77
75,70
9,20
55,30
81,40
28,2
86,71
95,8
78,60
9,30
52,51
57,6
50,28
86,50
51,94
73,64
36,35
54,72
70,98
76,67
57,49
86,63
51,35
50,26
28,51
25,63
89,73
63,95
91,26
80,73
32,41
35,69
35,27
48,71
11,99
59,88
51,6
15,83
67,47
38,20
9,74
74,7
32,84
62,31
33,32
39,25
96,35
38,99
37,50
3,43
48,37
57,36
51,8
10,52
68,36
8,33
98,42
22,39
84,41
3,50
43,89
80,26
27,51
75,29
6,67
65,87
1,40
90,7
87,69
73,43
91,52
87,7
10,64
63,39
88,43
45,53
51,5
30,72
96,48
44,8
2,76
23,45
76,26
14,92
60,6
55,84
13,11
20,4
58,15
90,51
59,62
63,61
74,78
93,40
5,92
26,89
42,21
25,65
26,17
14,94
96,93
6,15
55,37
16,70
41,58
68,47
93,16
34,37
90,93
13,10
72,64
71,25
80,97
64,78
31,34
41,31
86,98
59,100
13,99
61,79
64,84
38,63
48,66
63,7
4,12
41,34
100,70
9,15
65,87
29,31
18,9
58,51
92,14
71,20
92,1
50,61
7,62
62,38
20,51
75,91
35,36
42,23
2,42
68,88
25,67
32,66
79,39
78,70
97,39
82,6
84,95
36,77
31,7
51,75
69,12
97,35
54,1
41,62
63,69
75,56
52,94
95,66
85,21
72,44
75,15
39,21
70,92
46,39
63,42
61,68
69,59
68,2
86,16
85,28
31,64
69,82
68,60
69,88
63,30
4,29
7,22
98,39
29,56
39,40
75,47
76,2
49,5
49,15
16,79
39,41
7,11
62,70
19,51
84,31
76,50
41,25
50,49
54,14
10,46
33,4
83,38
88,80
24,30
98,69
45,91
76,58
53,84
34,49
16,72
49,51
6,18
20,30
94,31
37,1
23,69
37,11
15,51
29,36
27,89
70,60
51,83
14,54
16,31
80,8
92,64
70,2
54,81
63,89
16,6
14,9
44,15
81,31
53,17
38,3
72,42
26,80
71,92
92,39
86,57
95,52
53,20
39,49
79,43
99,45
65,56
76,72
11,95
60,13
16,93
20,64
28,100
89,11
88,45
58,19
85,2
97,89
95,55
1,42
72,48
63,59
54,13
49,51
37,22
54,3
15,65
7,50
75,83
53,24
64,18
49,47
91,63
97,72
74,18
85,42
52,87
69,98
26,23
71,67
11,11
96,10
18,2
44,13
92,94
48,47
41,13
29,63
67,65
98,34
9,98
10,50
79,31
31,51
34,98
61,95
10,41
36,62
11,94
92,12
74,28
66,91
40,46
88,68
47,40
78,27
30,59
63,48
91,13
24,32
36,73
35,75
69,72
19,44
59,63
42,8
91,57
88,2
95,33
32,58
55,46
29,74
72,82
10,100
60,96
37,98
77,27
86,27
8,33
70,87
5,70
69,68
73,54
89,73
2,85
73,77
59,85
31,72
90,100
33,43
4,79
96,11
52,1
80,3
8,8
81,77
39,30
6,7
31,2
75,90
70,68
72,66
94,46
89,58
82,99
95,11
24,35
64,8
51,68
54,42
56,71
73,70
76,25
79,46
71,49
66,14
44,79
55,3
64,85
50,59
80,70
89,34
64,94
23,44
10,89
99,69
76,77
21,36
93,41
46,62
60,85
66,87
92,71
52,93
9,84
77,75
56,9
90,60
98,65
4,65
71,22
30,33
37,83
74,82
12,67
1,72
83,81
99,72
60,80
86,17
2,48
10,13
37,58
34,70
8,71
6,96
52,72
86,86
39,81
10,100
28,98
91,30
12,26
26,78
11,40
45,88
16,8
85,34
21,54
61,31
71,96
74,24
1,36
75,62
19,57
93,31
55,33
55,41
95,87
32,16
43,31
4,61
71,71
44,47
11,42
80,42
96,92
27,29
13,18
71,33
66,16
35,42
83,90
97,63
11,37
76,22
16,49
73,44
71,88
59,93
15,11
51,72
30,82
23,32
68,4
41,73
99,93
46,15
32,50
5,96
11,28
46,36
51,39
26,11
75,14
35,1
55,12
29,42
80,22
2,42
60,69
14,30
95,78
2,78
46,56
58,8
30,87
10,38
93,12
91,1
34,26
4,16
7,67
14,42
79,49
20,37
56,36
27,39
79,2
21,63
13,52
84,6
81,24
57,12
7,52
65,79
25,81
32,95
11,91
17,97
29,1
54,100
46,54
50,70
15,39
75,88
65,22
14,81
64,12
12,30
8,28
62,99
54,31
45,11
5,2
43,27
49,39
87,21
68,23
4,58
13,62
39,84
14,87
34,24
2,12
65,87
74,43
79,11
64,74
56,68
27,63
45,82
29,37
20,45
53,71
71,78
73,31
34,86
60,49
18,23
36,19
91,79
78,16
27,62
83,98
96,55
87,20
86,83
94,43
7,4
29,62
75,87
20,86
38,83
98,22
24,55
22,83
83,42
1,65
61,84
91,16
94,29
49,3
8,64
35,44
95,54
56,33
31,24
26,48
39,1
71,28
82,75
30,61
12,66
83,50
65,41
12,8
82,70
23,61
19,65
28,47
42,12
45,90
42,22
62,21
60,48
54,52
34,97
38,43
31,26
35,17
63,56
41,59
22,61
92,76
24,97
93,69
2,9
44,79
93,2
16,39
75,36
41,63
60,77
13,63
11,12
19,94
56,47
58,7
54,60
31,48
78,31
8,59
59,88
48,9
94,92
43,83
94,1
88,28
48,88
85,97
68,42
4,14
95,53
27,100
38,26
30,51
37,12
70,10
6,88
36,81
94,70
41,94
73,58
77,44
55,86
35,54
99,60
66,75
2,74
22,71
81,19
8,77
100,18
28,87
24,16
90,26
53,45
40,32
60,28
98,3
73,48
10,59
49,14
76,45
15,9
32,88
52,4
8,83
47,53
98,7
47,48
90,51
41,70
99,42
29,46
98,38
85,67
57,56
36,31
95,71
6,62
7,13
54,84
13,81
86,1
10,95
16,62
78,41
77,9
52,68
66,82
39,40
5,47
15,88
17,19
67,55
16,87
9,28
69,93
91,27
17,43
78,4
11,4
75,6
36,10
35,9
5,55
13,81
3,14
52,98
99,9
35,34
98,96
82,10
11,18
49,33
7,90
81,26
100,79
36,4
60,64
40,6
51,40
61,9
71,76
22,4
5,18
36,72
77,50
66,26
33,49
99,29
68,74
41,42
43,16
30,45
4,31
36,5
72,67
62,16
26,45
28,95
94,33
95,61
76,39
50,33
25,88
96,90
1,97
77,7
94,97
61,50
51,27
99,48
84,2
76,32
53,76
27,38
18,72
17,54
32,36
70,55
36,3
91,95
8,97
52,20
22,50
85,94
56,20
89,13
99,79
95,46
8,56
83,50
95,34
86,86
44,82
3,31
77,45
31,64
53,62
60,6
97,51
34,82
19,24
14,74
84,46
53,96
60,28
18,48
95,51
